[{"Mountaineer": 1, "Journey": 1, "Taurus": 0, "Electra": 0, "Escape": 1, "Range Rover": 2, "H2": 1, "600SEL": 2, "Loyale": 0, "Altima": 0, "Q": 0, "ZX2": 0, "Insight": 0, "Cooper": 2, "Wrangler": 2, "Expedition": 2, "Grand Am": 2, "RAV4": 1, "Esprit": 2, "Express 1500": 2, "Brooklands": 2, "Century": 0, "Grand Vitara": 0, "Spyder": 2, "MPV": 2, "Odyssey": 1, "S70": 2, "T100": 1, "Galant": 2, "LX": 1, "Mustang": 2, "Dakota Club": 1, "SLS-Class": 2, "SL-Class": 2, "D250 Club": 1, "Corolla": 0, "Cherokee": 0, "Cooper Clubman": 2, "Astro": 1, "E150": 2, "Five Hundred": 1, "CR-V": 1, "GX1": 1, "626": 2, "Vandura G3500": 2, "Park Avenue": 2, "Fortwo": 0, "Somerset": 1, "IS": 1, "911": 2, "X5": 2, "Viper": 2, "Land Cruiser": 2, "Mazda6": 2, "Savana 3500": 1, "Camry": 0, "Compass": 1, "CTS": 2, "Daytona": 0, "Alero": 0, "Colt": 0, "Ram 1500 Club": 2, "TL": 2, "Ram Van B350": 2, "Envoy": 1, "Lancer": 2, "Yukon XL 1500": 2, "GS": 2, "Exige": 2, "HHR": 2, "E-Series": 2, "S-Series": 2, "C70": 2, "CL-Class": 2, "62": 2, "Avalon": 0, "Tacoma": 1, "Jimmy": 0, "DeVille": 2, "RDX": 1, "Bonneville": 2, "3 Series": 2, "Civic": 0, "Prius c": 0, "Magnum": 0, "Savana 1500": 1, "Econoline E350": 2, "Caprice Classic": 0, "Accord": 0, "XG350": 2, "Escalade EXT": 2, "Continental": 2, "Firefly": 1, "SRX": 2, "Fox": 1, "Regal": 2, "Optima": 0, "Dakota": 1, "350Z": 1, "1500": 0, "Charger": 0, "Cobalt": 0, "Quest": 1, "Tiburon": 2, "tC": 0, "xA": 0, "Hombre Space": 1, "Silverado 3500": 1, "Crown Victoria": 0, "Diamante": 2, "F150": 1, "90": 1, "Continental GT": 2, "i-350": 2, "Cabriolet": 2, "Sentra": 0, "Ram 3500": 1, "Passport": 1, "Countach": 2, "Lucerne": 2, "GL-Class": 2, "Eclipse": 1, "Sky": 1, "Spectra": 0, "Rodeo": 1, "Ram Wagon B250": 1, "Monterey": 2, "R-Class": 2, "Terraza": 2, "Grand Voyager": 1, "Econoline E150": 1, "Titan": 1, "Sidekick": 0, "Grand Prix": 2, "Acadia": 1, "FJ Cruiser": 1, "Routan": 1, "Vitara": 1, "QX56": 1, "RX-8": 2, "SX4": 0, "Mazda5": 2, "CC": 0, "LeMans": 0, "Town & Country": 1, "Traverse": 1, "FR-S": 2, "Villager": 1, "S-Class": 2, "XL-7": 1, "Navigator": 1, "RL": 1, "Vigor": 2, "Fusion": 0, "del Sol": 0, "Avalanche": 1, "Blazer": 1, "F-Series": 2, "Sprinter": 2, "300E": 2, "Azera": 1, "Corsica": 0, "S4": 2, "A8": 2, "Vandura G2500": 2, "Ranger": 2, "Rally Wagon 2500": 1, "Silverado 2500": 1, "Kizashi": 0, "Murci\u00c3\u0192\u00c2\u00a9lago": 2, "57": 2, "Eldorado": 2, "Savana 2500": 1, "Express 2500": 1, "Armada": 1, "Chariot": 1, "3500 Club Coupe": 2, "Focus": 2, "Xterra": 1, "Equus": 2, "HELLCAT": 0, "Maxima": 0}]